{
 "files": [
  {
   "name": ".",
   "ftype": "dir",
   "chksum_type": null,
   "chksum_sha256": null,
   "format": 1
  },
  {
   "name": "CHANGELOG.rst",
   "ftype": "file",
   "chksum_type": "sha256",
   "chksum_sha256": "a886347b3107383f80aedfb8b29517bb5eaa12ca7f8991e2e6a51241430c5d5b",
   "format": 1
  },
  {
   "name": "changelogs",
   "ftype": "dir",
   "chksum_type": null,
   "chksum_sha256": null,
   "format": 1
  },
  {
   "name": "changelogs/changelog.yaml",
   "ftype": "file",
   "chksum_type": "sha256",
   "chksum_sha256": "744a1dffdf885dbbc894d4aa06468c789db7004e613a4661e7206c739eb75413",
   "format": 1
  },
  {
   "name": "changelogs/fragments",
   "ftype": "dir",
   "chksum_type": null,
   "chksum_sha256": null,
   "format": 1
  },
  {
   "name": "changelogs/fragments/.keep",
   "ftype": "file",
   "chksum_type": "sha256",
   "chksum_sha256": "e3b0c44298fc1c149afbf4c8996fb92427ae41e4649b934ca495991b7852b855",
   "format": 1
  },
  {
   "name": "changelogs/config.yaml",
   "ftype": "file",
   "chksum_type": "sha256",
   "chksum_sha256": "cc55b6c294d6c21375d1841e286e17a55801856b592ed7d4aa30f02bb5be5bfd",
   "format": 1
  },
  {
   "name": "requirements.txt",
   "ftype": "file",
   "chksum_type": "sha256",
   "chksum_sha256": "e3b0c44298fc1c149afbf4c8996fb92427ae41e4649b934ca495991b7852b855",
   "format": 1
  },
  {
   "name": "tests",
   "ftype": "dir",
   "chksum_type": null,
   "chksum_sha256": null,
   "format": 1
  },
  {
   "name": "tests/unit",
   "ftype": "dir",
   "chksum_type": null,
   "chksum_sha256": null,
   "format": 1
  },
  {
   "name": "tests/unit/__init__.py",
   "ftype": "file",
   "chksum_type": "sha256",
   "chksum_sha256": "e3b0c44298fc1c149afbf4c8996fb92427ae41e4649b934ca495991b7852b855",
   "format": 1
  },
  {
   "name": "tests/unit/requirements.txt",
   "ftype": "file",
   "chksum_type": "sha256",
   "chksum_sha256": "49ba996dc4735c3463e9af561344346dfae14bcc1a68096ce78364b377f0df1f",
   "format": 1
  },
  {
   "name": "tests/unit/modules",
   "ftype": "dir",
   "chksum_type": null,
   "chksum_sha256": null,
   "format": 1
  },
  {
   "name": "tests/unit/modules/__init__.py",
   "ftype": "file",
   "chksum_type": "sha256",
   "chksum_sha256": "e3b0c44298fc1c149afbf4c8996fb92427ae41e4649b934ca495991b7852b855",
   "format": 1
  },
  {
   "name": "tests/unit/modules/utils.py",
   "ftype": "file",
   "chksum_type": "sha256",
   "chksum_sha256": "0bcca1cb4094220ebe8c301e43dc2811fd4b6a1eb61d0b1d7cb8ae6937c0378c",
   "format": 1
  },
  {
   "name": "tests/unit/modules/system",
   "ftype": "dir",
   "chksum_type": null,
   "chksum_sha256": null,
   "format": 1
  },
  {
   "name": "tests/unit/modules/system/__init__.py",
   "ftype": "file",
   "chksum_type": "sha256",
   "chksum_sha256": "e3b0c44298fc1c149afbf4c8996fb92427ae41e4649b934ca495991b7852b855",
   "format": 1
  },
  {
   "name": "tests/unit/modules/system/test_mount.py",
   "ftype": "file",
   "chksum_type": "sha256",
   "chksum_sha256": "d1dd267e5ef41d36c36ec7b665458ce97caa8b61197ee4416635d669aee85a34",
   "format": 1
  },
  {
   "name": "tests/unit/modules/conftest.py",
   "ftype": "file",
   "chksum_type": "sha256",
   "chksum_sha256": "d8d19e32e9ef11047224bd24448369cb3e965c18cfcb5070c57d9e57960242b3",
   "format": 1
  },
  {
   "name": "tests/unit/plugins",
   "ftype": "dir",
   "chksum_type": null,
   "chksum_sha256": null,
   "format": 1
  },
  {
   "name": "tests/unit/plugins/__init__.py",
   "ftype": "file",
   "chksum_type": "sha256",
   "chksum_sha256": "e3b0c44298fc1c149afbf4c8996fb92427ae41e4649b934ca495991b7852b855",
   "format": 1
  },
  {
   "name": "tests/unit/plugins/action",
   "ftype": "dir",
   "chksum_type": null,
   "chksum_sha256": null,
   "format": 1
  },
  {
   "name": "tests/unit/plugins/action/__init__.py",
   "ftype": "file",
   "chksum_type": "sha256",
   "chksum_sha256": "e3b0c44298fc1c149afbf4c8996fb92427ae41e4649b934ca495991b7852b855",
   "format": 1
  },
  {
   "name": "tests/unit/plugins/action/fixtures",
   "ftype": "dir",
   "chksum_type": null,
   "chksum_sha256": null,
   "format": 1
  },
  {
   "name": "tests/unit/plugins/action/fixtures/__init__.py",
   "ftype": "file",
   "chksum_type": "sha256",
   "chksum_sha256": "e3b0c44298fc1c149afbf4c8996fb92427ae41e4649b934ca495991b7852b855",
   "format": 1
  },
  {
   "name": "tests/unit/plugins/action/fixtures/synchronize",
   "ftype": "dir",
   "chksum_type": null,
   "chksum_sha256": null,
   "format": 1
  },
  {
   "name": "tests/unit/plugins/action/fixtures/synchronize/delegate_remote_play_context_private_key",
   "ftype": "dir",
   "chksum_type": null,
   "chksum_sha256": null,
   "format": 1
  },
  {
   "name": "tests/unit/plugins/action/fixtures/synchronize/delegate_remote_play_context_private_key/task_vars_in.json",
   "ftype": "file",
   "chksum_type": "sha256",
   "chksum_sha256": "a068ae96cea93db9a07308be9bc2d37dbcbd73dca2a0106cd12927a609b208c4",
   "format": 1
  },
  {
   "name": "tests/unit/plugins/action/fixtures/synchronize/delegate_remote_play_context_private_key/task_vars_out.json",
   "ftype": "file",
   "chksum_type": "sha256",
   "chksum_sha256": "7dd25759287ec09c89ab61340d268aefbc31a6c2d8844cdff1294a54d12e1405",
   "format": 1
  },
  {
   "name": "tests/unit/plugins/action/fixtures/synchronize/delegate_remote_play_context_private_key/meta.yaml",
   "ftype": "file",
   "chksum_type": "sha256",
   "chksum_sha256": "59a9b5678c06d2d88b62442e0ef33405a2c221ec516c7d1b351b42facb761769",
   "format": 1
  },
  {
   "name": "tests/unit/plugins/action/fixtures/synchronize/basic_become_cli",
   "ftype": "dir",
   "chksum_type": null,
   "chksum_sha256": null,
   "format": 1
  },
  {
   "name": "tests/unit/plugins/action/fixtures/synchronize/basic_become_cli/task_vars_in.json",
   "ftype": "file",
   "chksum_type": "sha256",
   "chksum_sha256": "093ba6e047d238adc2e79ba09fcde573324afc2898701f819fd32784fcb8c945",
   "format": 1
  },
  {
   "name": "tests/unit/plugins/action/fixtures/synchronize/basic_become_cli/task_args_out.json",
   "ftype": "file",
   "chksum_type": "sha256",
   "chksum_sha256": "81fa76bf6a5c5563063ce230e398174711d6cd9374789b18f1dff07bc036ca98",
   "format": 1
  },
  {
   "name": "tests/unit/plugins/action/fixtures/synchronize/basic_become_cli/task_vars_out.json",
   "ftype": "file",
   "chksum_type": "sha256",
   "chksum_sha256": "9b5b64047a3b74c82d73c6ad2d31e6561fc405fcd49637175b4f251f9528339a",
   "format": 1
  },
  {
   "name": "tests/unit/plugins/action/fixtures/synchronize/basic_become_cli/meta.yaml",
   "ftype": "file",
   "chksum_type": "sha256",
   "chksum_sha256": "905cd849fb8ccbe84b4f8e1e2ff012f31cd51cdbc070ede400aead1b4fcb6323",
   "format": 1
  },
  {
   "name": "tests/unit/plugins/action/fixtures/synchronize/__init__.py",
   "ftype": "file",
   "chksum_type": "sha256",
   "chksum_sha256": "e3b0c44298fc1c149afbf4c8996fb92427ae41e4649b934ca495991b7852b855",
   "format": 1
  },
  {
   "name": "tests/unit/plugins/action/fixtures/synchronize/basic_vagrant_become_cli",
   "ftype": "dir",
   "chksum_type": null,
   "chksum_sha256": null,
   "format": 1
  },
  {
   "name": "tests/unit/plugins/action/fixtures/synchronize/basic_vagrant_become_cli/task_vars_in.json",
   "ftype": "file",
   "chksum_type": "sha256",
   "chksum_sha256": "523a835da2ec3a9a1d14f6d1827f2deec007720d2ac4b702c2a953c1306ca344",
   "format": 1
  },
  {
   "name": "tests/unit/plugins/action/fixtures/synchronize/basic_vagrant_become_cli/task_args_out.json",
   "ftype": "file",
   "chksum_type": "sha256",
   "chksum_sha256": "5cfd7ecf7fcd5a642c9a6986aba08aa0ac9f17e093d7dae12899816e27d0e07a",
   "format": 1
  },
  {
   "name": "tests/unit/plugins/action/fixtures/synchronize/basic_vagrant_become_cli/task_vars_out.json",
   "ftype": "file",
   "chksum_type": "sha256",
   "chksum_sha256": "c56548ba39f11857472ecf0b2cbef1963a054010158c091946703ad87d44775b",
   "format": 1
  },
  {
   "name": "tests/unit/plugins/action/fixtures/synchronize/basic_vagrant_become_cli/meta.yaml",
   "ftype": "file",
   "chksum_type": "sha256",
   "chksum_sha256": "f112177656918d43329d658fd12bb6f903359e17d097b97be1295ac07afc9296",
   "format": 1
  },
  {
   "name": "tests/unit/plugins/action/fixtures/synchronize/basic_vagrant",
   "ftype": "dir",
   "chksum_type": null,
   "chksum_sha256": null,
   "format": 1
  },
  {
   "name": "tests/unit/plugins/action/fixtures/synchronize/basic_vagrant/task_vars_in.json",
   "ftype": "file",
   "chksum_type": "sha256",
   "chksum_sha256": "599f6f6086b8013e51abe4c61cde3711449406b2d6438ff32a55a6d8fc04fadd",
   "format": 1
  },
  {
   "name": "tests/unit/plugins/action/fixtures/synchronize/basic_vagrant/task_args_out.json",
   "ftype": "file",
   "chksum_type": "sha256",
   "chksum_sha256": "01184d4853ee6bfd183470a56034e7bf406cd2b89fc01d4903f98cc2e0d083f3",
   "format": 1
  },
  {
   "name": "tests/unit/plugins/action/fixtures/synchronize/basic_vagrant/task_vars_out.json",
   "ftype": "file",
   "chksum_type": "sha256",
   "chksum_sha256": "faebeeddda77db393845e024b5973ffbeeb4929fc70811852720df89a721a456",
   "format": 1
  },
  {
   "name": "tests/unit/plugins/action/fixtures/synchronize/basic_vagrant/meta.yaml",
   "ftype": "file",
   "chksum_type": "sha256",
   "chksum_sha256": "d3d3deff137636cd66d3c93bdb347bbbbc1eed6d92e73cd676207188ae650525",
   "format": 1
  },
  {
   "name": "tests/unit/plugins/action/fixtures/synchronize/basic",
   "ftype": "dir",
   "chksum_type": null,
   "chksum_sha256": null,
   "format": 1
  },
  {
   "name": "tests/unit/plugins/action/fixtures/synchronize/basic/taskvars_out.json",
   "ftype": "file",
   "chksum_type": "sha256",
   "chksum_sha256": "67f4bfd8fd8ea2353a384f51d76f520ddcb8c1d257a68a536fa4d87e08875300",
   "format": 1
  },
  {
   "name": "tests/unit/plugins/action/fixtures/synchronize/basic/task_args_out.json",
   "ftype": "file",
   "chksum_type": "sha256",
   "chksum_sha256": "f783dd5545e3314709d71773b3240dd8969262c2aa619a8851bf5a85575948ed",
   "format": 1
  },
  {
   "name": "tests/unit/plugins/action/fixtures/synchronize/basic/taskvars_in.json",
   "ftype": "file",
   "chksum_type": "sha256",
   "chksum_sha256": "6e79854cbe7de47091617855a96305bc7b3ae133bc734a363722759fdee2533d",
   "format": 1
  },
  {
   "name": "tests/unit/plugins/action/fixtures/synchronize/basic/meta.yaml",
   "ftype": "file",
   "chksum_type": "sha256",
   "chksum_sha256": "2ece98a6ecdeaf1331962be361aeecce1d8e207baaf2490b79ef0fb70e8ba769",
   "format": 1
  },
  {
   "name": "tests/unit/plugins/action/fixtures/synchronize/basic_become",
   "ftype": "dir",
   "chksum_type": null,
   "chksum_sha256": null,
   "format": 1
  },
  {
   "name": "tests/unit/plugins/action/fixtures/synchronize/basic_become/task_vars_in.json",
   "ftype": "file",
   "chksum_type": "sha256",
   "chksum_sha256": "093ba6e047d238adc2e79ba09fcde573324afc2898701f819fd32784fcb8c945",
   "format": 1
  },
  {
   "name": "tests/unit/plugins/action/fixtures/synchronize/basic_become/task_args_out.json",
   "ftype": "file",
   "chksum_type": "sha256",
   "chksum_sha256": "81fa76bf6a5c5563063ce230e398174711d6cd9374789b18f1dff07bc036ca98",
   "format": 1
  },
  {
   "name": "tests/unit/plugins/action/fixtures/synchronize/basic_become/task_vars_out.json",
   "ftype": "file",
   "chksum_type": "sha256",
   "chksum_sha256": "9b5b64047a3b74c82d73c6ad2d31e6561fc405fcd49637175b4f251f9528339a",
   "format": 1
  },
  {
   "name": "tests/unit/plugins/action/fixtures/synchronize/basic_become/meta.yaml",
   "ftype": "file",
   "chksum_type": "sha256",
   "chksum_sha256": "224f4c61a52097d54dca21e6fd5e12c5dc5762d1e03f6523e89ba8727a019433",
   "format": 1
  },
  {
   "name": "tests/unit/plugins/action/fixtures/synchronize/basic_vagrant_sudo",
   "ftype": "dir",
   "chksum_type": null,
   "chksum_sha256": null,
   "format": 1
  },
  {
   "name": "tests/unit/plugins/action/fixtures/synchronize/basic_vagrant_sudo/task_vars_in.json",
   "ftype": "file",
   "chksum_type": "sha256",
   "chksum_sha256": "523a835da2ec3a9a1d14f6d1827f2deec007720d2ac4b702c2a953c1306ca344",
   "format": 1
  },
  {
   "name": "tests/unit/plugins/action/fixtures/synchronize/basic_vagrant_sudo/task_args_out.json",
   "ftype": "file",
   "chksum_type": "sha256",
   "chksum_sha256": "5cfd7ecf7fcd5a642c9a6986aba08aa0ac9f17e093d7dae12899816e27d0e07a",
   "format": 1
  },
  {
   "name": "tests/unit/plugins/action/fixtures/synchronize/basic_vagrant_sudo/task_vars_out.json",
   "ftype": "file",
   "chksum_type": "sha256",
   "chksum_sha256": "c56548ba39f11857472ecf0b2cbef1963a054010158c091946703ad87d44775b",
   "format": 1
  },
  {
   "name": "tests/unit/plugins/action/fixtures/synchronize/basic_vagrant_sudo/meta.yaml",
   "ftype": "file",
   "chksum_type": "sha256",
   "chksum_sha256": "d3d3deff137636cd66d3c93bdb347bbbbc1eed6d92e73cd676207188ae650525",
   "format": 1
  },
  {
   "name": "tests/unit/plugins/action/fixtures/synchronize/delegate_remote_with_private_key",
   "ftype": "dir",
   "chksum_type": null,
   "chksum_sha256": null,
   "format": 1
  },
  {
   "name": "tests/unit/plugins/action/fixtures/synchronize/delegate_remote_with_private_key/task_vars_in.json",
   "ftype": "file",
   "chksum_type": "sha256",
   "chksum_sha256": "a068ae96cea93db9a07308be9bc2d37dbcbd73dca2a0106cd12927a609b208c4",
   "format": 1
  },
  {
   "name": "tests/unit/plugins/action/fixtures/synchronize/delegate_remote_with_private_key/task_vars_out.json",
   "ftype": "file",
   "chksum_type": "sha256",
   "chksum_sha256": "7dd25759287ec09c89ab61340d268aefbc31a6c2d8844cdff1294a54d12e1405",
   "format": 1
  },
  {
   "name": "tests/unit/plugins/action/fixtures/synchronize/delegate_remote_with_private_key/meta.yaml",
   "ftype": "file",
   "chksum_type": "sha256",
   "chksum_sha256": "bd4fdaec3738ec2b54a718c88c694f26366acef11ba4f77c4d5a5e16d85de0f0",
   "format": 1
  },
  {
   "name": "tests/unit/plugins/action/fixtures/synchronize/basic_with_private_key",
   "ftype": "dir",
   "chksum_type": null,
   "chksum_sha256": null,
   "format": 1
  },
  {
   "name": "tests/unit/plugins/action/fixtures/synchronize/basic_with_private_key/taskvars_out.json",
   "ftype": "file",
   "chksum_type": "sha256",
   "chksum_sha256": "67f4bfd8fd8ea2353a384f51d76f520ddcb8c1d257a68a536fa4d87e08875300",
   "format": 1
  },
  {
   "name": "tests/unit/plugins/action/fixtures/synchronize/basic_with_private_key/taskvars_in.json",
   "ftype": "file",
   "chksum_type": "sha256",
   "chksum_sha256": "6e79854cbe7de47091617855a96305bc7b3ae133bc734a363722759fdee2533d",
   "format": 1
  },
  {
   "name": "tests/unit/plugins/action/fixtures/synchronize/basic_with_private_key/meta.yaml",
   "ftype": "file",
   "chksum_type": "sha256",
   "chksum_sha256": "148af1bf062f61bd44ddebf1dc22ccc88ae48d0f0ba259a878be80d35f928560",
   "format": 1
  },
  {
   "name": "tests/unit/plugins/action/fixtures/synchronize/delegate_remote",
   "ftype": "dir",
   "chksum_type": null,
   "chksum_sha256": null,
   "format": 1
  },
  {
   "name": "tests/unit/plugins/action/fixtures/synchronize/delegate_remote/task_vars_in.json",
   "ftype": "file",
   "chksum_type": "sha256",
   "chksum_sha256": "a068ae96cea93db9a07308be9bc2d37dbcbd73dca2a0106cd12927a609b208c4",
   "format": 1
  },
  {
   "name": "tests/unit/plugins/action/fixtures/synchronize/delegate_remote/task_args_out.json",
   "ftype": "file",
   "chksum_type": "sha256",
   "chksum_sha256": "93b59f34954d12236b31d58543091c990bd716c92e35e4574da57e08f71f9414",
   "format": 1
  },
  {
   "name": "tests/unit/plugins/action/fixtures/synchronize/delegate_remote/task_vars_out.json",
   "ftype": "file",
   "chksum_type": "sha256",
   "chksum_sha256": "7dd25759287ec09c89ab61340d268aefbc31a6c2d8844cdff1294a54d12e1405",
   "format": 1
  },
  {
   "name": "tests/unit/plugins/action/fixtures/synchronize/delegate_remote/meta.yaml",
   "ftype": "file",
   "chksum_type": "sha256",
   "chksum_sha256": "7ab64d5da452a305eb0f1a3678579984a4599c9b9a039e6f87ce0e94be32549b",
   "format": 1
  },
  {
   "name": "tests/unit/plugins/action/fixtures/synchronize/delegate_remote_su",
   "ftype": "dir",
   "chksum_type": null,
   "chksum_sha256": null,
   "format": 1
  },
  {
   "name": "tests/unit/plugins/action/fixtures/synchronize/delegate_remote_su/task_vars_in.json",
   "ftype": "file",
   "chksum_type": "sha256",
   "chksum_sha256": "edde13679989d6c7f86ad56d267e306e0dab5305c328b41fa40dd17ca07ff548",
   "format": 1
  },
  {
   "name": "tests/unit/plugins/action/fixtures/synchronize/delegate_remote_su/task_args_out.json",
   "ftype": "file",
   "chksum_type": "sha256",
   "chksum_sha256": "fa3324b5429406f7de53b04e2c795a79914284b78aea3050254bf9a1fb960c54",
   "format": 1
  },
  {
   "name": "tests/unit/plugins/action/fixtures/synchronize/delegate_remote_su/task_vars_out.json",
   "ftype": "file",
   "chksum_type": "sha256",
   "chksum_sha256": "96e28aa5ed2f0a0f090c73721e53798ad17cbaf9b9e330381b1eceaf553610fc",
   "format": 1
  },
  {
   "name": "tests/unit/plugins/action/fixtures/synchronize/delegate_remote_su/meta.yaml",
   "ftype": "file",
   "chksum_type": "sha256",
   "chksum_sha256": "89086a4861bd3df7f373bb4e462038bfcdfdf4bf4ce765a8fa883dda4a4bd594",
   "format": 1
  },
  {
   "name": "tests/unit/plugins/action/test_synchronize.py",
   "ftype": "file",
   "chksum_type": "sha256",
   "chksum_sha256": "5ba7c44713bd42d1f50abff23bc9d2f0d11b82f1c45f19481bbdb046331471f7",
   "format": 1
  },
  {
   "name": "tests/unit/compat",
   "ftype": "dir",
   "chksum_type": null,
   "chksum_sha256": null,
   "format": 1
  },
  {
   "name": "tests/unit/compat/__init__.py",
   "ftype": "file",
   "chksum_type": "sha256",
   "chksum_sha256": "e3b0c44298fc1c149afbf4c8996fb92427ae41e4649b934ca495991b7852b855",
   "format": 1
  },
  {
   "name": "tests/unit/compat/mock.py",
   "ftype": "file",
   "chksum_type": "sha256",
   "chksum_sha256": "0af958450cf6de3fbafe94b1111eae8ba5a8dbe1d785ffbb9df81f26e4946d99",
   "format": 1
  },
  {
   "name": "tests/unit/compat/unittest.py",
   "ftype": "file",
   "chksum_type": "sha256",
   "chksum_sha256": "5401a046e5ce71fa19b6d905abd0f9bdf816c0c635f7bdda6730b3ef06e67096",
   "format": 1
  },
  {
   "name": "tests/unit/compat/builtins.py",
   "ftype": "file",
   "chksum_type": "sha256",
   "chksum_sha256": "0ca4cac919e166b25e601e11acb01f6957dddd574ff0a62569cb994a5ecb63e1",
   "format": 1
  },
  {
   "name": "tests/unit/mock",
   "ftype": "dir",
   "chksum_type": null,
   "chksum_sha256": null,
   "format": 1
  },
  {
   "name": "tests/unit/mock/__init__.py",
   "ftype": "file",
   "chksum_type": "sha256",
   "chksum_sha256": "e3b0c44298fc1c149afbf4c8996fb92427ae41e4649b934ca495991b7852b855",
   "format": 1
  },
  {
   "name": "tests/unit/mock/vault_helper.py",
   "ftype": "file",
   "chksum_type": "sha256",
   "chksum_sha256": "4535613601c419f7d20f0c21e638dabccf69b4a7fac99d5f6f9b81d1519dafd6",
   "format": 1
  },
  {
   "name": "tests/unit/mock/yaml_helper.py",
   "ftype": "file",
   "chksum_type": "sha256",
   "chksum_sha256": "b21823f6cbb8317d6a6041982a6915ebce3a59f6a6e9c21c6bc2d176082ff29a",
   "format": 1
  },
  {
   "name": "tests/unit/mock/loader.py",
   "ftype": "file",
   "chksum_type": "sha256",
   "chksum_sha256": "c45064a0beb765cd0b6cfbb74ca0cd491ceed2f4c2d22808f60a57071d9712cc",
   "format": 1
  },
  {
   "name": "tests/unit/mock/procenv.py",
   "ftype": "file",
   "chksum_type": "sha256",
   "chksum_sha256": "1b0788b039150ffb6e569f79465878c9a34f8c9f101eeaf2026fe4c6804abd47",
   "format": 1
  },
  {
   "name": "tests/unit/mock/path.py",
   "ftype": "file",
   "chksum_type": "sha256",
   "chksum_sha256": "b34b2948cd0af8bb568c2b14fddffb461280b114bfb16ebb45c83a5fc0f3230e",
   "format": 1
  },
  {
   "name": "tests/integration",
   "ftype": "dir",
   "chksum_type": null,
   "chksum_sha256": null,
   "format": 1
  },
  {
   "name": "tests/integration/targets",
   "ftype": "dir",
   "chksum_type": null,
   "chksum_sha256": null,
   "format": 1
  },
  {
   "name": "tests/integration/targets/firewalld",
   "ftype": "dir",
   "chksum_type": null,
   "chksum_sha256": null,
   "format": 1
  },
  {
   "name": "tests/integration/targets/firewalld/meta",
   "ftype": "dir",
   "chksum_type": null,
   "chksum_sha256": null,
   "format": 1
  },
  {
   "name": "tests/integration/targets/firewalld/meta/main.yml",
   "ftype": "file",
   "chksum_type": "sha256",
   "chksum_sha256": "ae816995bad20b4c09762e88d447ddf2793e1df8f6d61c0fdc03a7432a06e75a",
   "format": 1
  },
  {
   "name": "tests/integration/targets/firewalld/aliases",
   "ftype": "file",
   "chksum_type": "sha256",
   "chksum_sha256": "8cfa0858471399bc858d50fbb085661dd8a67790f6f9deccc276707a780b7344",
   "format": 1
  },
  {
   "name": "tests/integration/targets/firewalld/tasks",
   "ftype": "dir",
   "chksum_type": null,
   "chksum_sha256": null,
   "format": 1
  },
  {
   "name": "tests/integration/targets/firewalld/tasks/run_all_tests.yml",
   "ftype": "file",
   "chksum_type": "sha256",
   "chksum_sha256": "70ac5898b0f384d0e404a3b923770f20cb66a81bfe2f9ef9b878d91089b27fa8",
   "format": 1
  },
  {
   "name": "tests/integration/targets/firewalld/tasks/source_test_cases.yml",
   "ftype": "file",
   "chksum_type": "sha256",
   "chksum_sha256": "b7796c6f2b7d28746a7f71d7e76189e9458317a69c939600b59a4813a5e5adc7",
   "format": 1
  },
  {
   "name": "tests/integration/targets/firewalld/tasks/port_forward_test_cases.yml",
   "ftype": "file",
   "chksum_type": "sha256",
   "chksum_sha256": "b4256665572502c10e9ce21e7a2bb8bba25dc711fe5f0fac6df135af9997a408",
   "format": 1
  },
  {
   "name": "tests/integration/targets/firewalld/tasks/service_test_cases.yml",
   "ftype": "file",
   "chksum_type": "sha256",
   "chksum_sha256": "1778b4f3c3db20435b931f087ddde861b88a3d98437c7fb05a0898ff024c2b59",
   "format": 1
  },
  {
   "name": "tests/integration/targets/firewalld/tasks/zone_target_test_cases.yml",
   "ftype": "file",
   "chksum_type": "sha256",
   "chksum_sha256": "0b7e0bbb9bc1a3525c227574119a77dbdee62b20917050928afc0c498b5ea667",
   "format": 1
  },
  {
   "name": "tests/integration/targets/firewalld/tasks/port_test_cases.yml",
   "ftype": "file",
   "chksum_type": "sha256",
   "chksum_sha256": "6c3e9a85b5d99b7fcdb3f2404f4e2bd1d5eb0245a9fccf9d9b2e8321b80af151",
   "format": 1
  },
  {
   "name": "tests/integration/targets/firewalld/tasks/main.yml",
   "ftype": "file",
   "chksum_type": "sha256",
   "chksum_sha256": "be395a76bed0b9202853d4dafdb69522e3e5e951aec706a54fddb428d451ac41",
   "format": 1
  },
  {
   "name": "tests/integration/targets/prepare_tests",
   "ftype": "dir",
   "chksum_type": null,
   "chksum_sha256": null,
   "format": 1
  },
  {
   "name": "tests/integration/targets/prepare_tests/tasks",
   "ftype": "dir",
   "chksum_type": null,
   "chksum_sha256": null,
   "format": 1
  },
  {
   "name": "tests/integration/targets/prepare_tests/tasks/main.yml",
   "ftype": "file",
   "chksum_type": "sha256",
   "chksum_sha256": "e3b0c44298fc1c149afbf4c8996fb92427ae41e4649b934ca495991b7852b855",
   "format": 1
  },
  {
   "name": "tests/integration/targets/authorized_key",
   "ftype": "dir",
   "chksum_type": null,
   "chksum_sha256": null,
   "format": 1
  },
  {
   "name": "tests/integration/targets/authorized_key/files",
   "ftype": "dir",
   "chksum_type": null,
   "chksum_sha256": null,
   "format": 1
  },
  {
   "name": "tests/integration/targets/authorized_key/files/existing_authorized_keys",
   "ftype": "file",
   "chksum_type": "sha256",
   "chksum_sha256": "965fcdc2c1cb0a4317ec4ceb33d6a3237e9e7dad5d3014e39118f5fe77f72ecc",
   "format": 1
  },
  {
   "name": "tests/integration/targets/authorized_key/meta",
   "ftype": "dir",
   "chksum_type": null,
   "chksum_sha256": null,
   "format": 1
  },
  {
   "name": "tests/integration/targets/authorized_key/meta/main.yml",
   "ftype": "file",
   "chksum_type": "sha256",
   "chksum_sha256": "dbce11dc51ead2d8cd98e7cd7edda44554a696dc2aa59b16a4f59573c27d2c07",
   "format": 1
  },
  {
   "name": "tests/integration/targets/authorized_key/defaults",
   "ftype": "dir",
   "chksum_type": null,
   "chksum_sha256": null,
   "format": 1
  },
  {
   "name": "tests/integration/targets/authorized_key/defaults/main.yml",
   "ftype": "file",
   "chksum_type": "sha256",
   "chksum_sha256": "a0995524f01cef3d7e457218465aba03d42326084440ed74b35b20a561552ae4",
   "format": 1
  },
  {
   "name": "tests/integration/targets/authorized_key/aliases",
   "ftype": "file",
   "chksum_type": "sha256",
   "chksum_sha256": "1b278c2ab4c17e15ad2ce8ff4fd9fc95fcac6b63dfda67f9b4cf3a0f45046096",
   "format": 1
  },
  {
   "name": "tests/integration/targets/authorized_key/tasks",
   "ftype": "dir",
   "chksum_type": null,
   "chksum_sha256": null,
   "format": 1
  },
  {
   "name": "tests/integration/targets/authorized_key/tasks/comments.yml",
   "ftype": "file",
   "chksum_type": "sha256",
   "chksum_sha256": "82004179b7b5d36174bb87a8a57489bc641bd974ca2a76eb5c95d963586cbdd8",
   "format": 1
  },
  {
   "name": "tests/integration/targets/authorized_key/tasks/setup_steps.yml",
   "ftype": "file",
   "chksum_type": "sha256",
   "chksum_sha256": "41424ce18563c3a40a62137133daab9de7616c3aa65df988aefca58f577cbcdc",
   "format": 1
  },
  {
   "name": "tests/integration/targets/authorized_key/tasks/check_mode.yml",
   "ftype": "file",
   "chksum_type": "sha256",
   "chksum_sha256": "5eb17dc2d92630893170a0080aa4060e3eb00b52d1c0958f9338601e49710c0c",
   "format": 1
  },
  {
   "name": "tests/integration/targets/authorized_key/tasks/ssh_dss.yml",
   "ftype": "file",
   "chksum_type": "sha256",
   "chksum_sha256": "c0eda45a147505468fcf405af91eec024d1b28543b44029c40c6232f850328f7",
   "format": 1
  },
  {
   "name": "tests/integration/targets/authorized_key/tasks/main.yml",
   "ftype": "file",
   "chksum_type": "sha256",
   "chksum_sha256": "20fc8f91a53a5d1aede672cbd8c8889dc215d5ad5a3142c1705a27645ff571ff",
   "format": 1
  },
  {
   "name": "tests/integration/targets/authorized_key/tasks/multiple_keys.yml",
   "ftype": "file",
   "chksum_type": "sha256",
   "chksum_sha256": "e9934102081d026208af2251823bf125edda07f3318114aafe1661876dd5888c",
   "format": 1
  },
  {
   "name": "tests/integration/targets/seboolean",
   "ftype": "dir",
   "chksum_type": null,
   "chksum_sha256": null,
   "format": 1
  },
  {
   "name": "tests/integration/targets/seboolean/aliases",
   "ftype": "file",
   "chksum_type": "sha256",
   "chksum_sha256": "e787ebc6acd676461477a4804f809671c4c653a273161b725340ba7b5dddd314",
   "format": 1
  },
  {
   "name": "tests/integration/targets/seboolean/tasks",
   "ftype": "dir",
   "chksum_type": null,
   "chksum_sha256": null,
   "format": 1
  },
  {
   "name": "tests/integration/targets/seboolean/tasks/seboolean.yml",
   "ftype": "file",
   "chksum_type": "sha256",
   "chksum_sha256": "eb9f741075efc535ac295276b4ab73222d1d0e00a6fb2072e23fabaa8b05d99b",
   "format": 1
  },
  {
   "name": "tests/integration/targets/seboolean/tasks/main.yml",
   "ftype": "file",
   "chksum_type": "sha256",
   "chksum_sha256": "c94d1cdbe249b332961d9fc3ee48e4638211a198cdd81562c4dc121cd4c975f9",
   "format": 1
  },
  {
   "name": "tests/integration/targets/selinux",
   "ftype": "dir",
   "chksum_type": null,
   "chksum_sha256": null,
   "format": 1
  },
  {
   "name": "tests/integration/targets/selinux/aliases",
   "ftype": "file",
   "chksum_type": "sha256",
   "chksum_sha256": "e787ebc6acd676461477a4804f809671c4c653a273161b725340ba7b5dddd314",
   "format": 1
  },
  {
   "name": "tests/integration/targets/selinux/tasks",
   "ftype": "dir",
   "chksum_type": null,
   "chksum_sha256": null,
   "format": 1
  },
  {
   "name": "tests/integration/targets/selinux/tasks/selinux.yml",
   "ftype": "file",
   "chksum_type": "sha256",
   "chksum_sha256": "0a22c670e9433da5bee35959db2978ca7563b034ac32328c4222382ca6c5213d",
   "format": 1
  },
  {
   "name": "tests/integration/targets/selinux/tasks/selogin.yml",
   "ftype": "file",
   "chksum_type": "sha256",
   "chksum_sha256": "4b31a57b4ea097d54381d692bfa58f320cd19fb39a38665fdd3dcb629a443853",
   "format": 1
  },
  {
   "name": "tests/integration/targets/selinux/tasks/main.yml",
   "ftype": "file",
   "chksum_type": "sha256",
   "chksum_sha256": "2f1e0a3c5e1bc900dea6975ed9e64b40c996ccb117cf3faa215bf62aff1d8787",
   "format": 1
  },
  {
   "name": "tests/integration/targets/acl",
   "ftype": "dir",
   "chksum_type": null,
   "chksum_sha256": null,
   "format": 1
  },
  {
   "name": "tests/integration/targets/acl/aliases",
   "ftype": "file",
   "chksum_type": "sha256",
   "chksum_sha256": "0353738120a45bc2e2412c192fec1f588f1e90202513b00a241605c23f8992e6",
   "format": 1
  },
  {
   "name": "tests/integration/targets/acl/tasks",
   "ftype": "dir",
   "chksum_type": null,
   "chksum_sha256": null,
   "format": 1
  },
  {
   "name": "tests/integration/targets/acl/tasks/main.yml",
   "ftype": "file",
   "chksum_type": "sha256",
   "chksum_sha256": "b46186ec9f385f64bcee9e3ad7f3ef874be99a4f066582fac90a9f5b6fbb9b04",
   "format": 1
  },
  {
   "name": "tests/integration/targets/acl/tasks/acl.yml",
   "ftype": "file",
   "chksum_type": "sha256",
   "chksum_sha256": "c207e27a2254cbe8cb5877d7cffa0ad9d16b2521f74155b65b88b4c586847b44",
   "format": 1
  },
  {
   "name": "tests/integration/targets/firewalld_info",
   "ftype": "dir",
   "chksum_type": null,
   "chksum_sha256": null,
   "format": 1
  },
  {
   "name": "tests/integration/targets/firewalld_info/aliases",
   "ftype": "file",
   "chksum_type": "sha256",
   "chksum_sha256": "7984d26f9ecab5d592ef44fb3bf17027cc5e4368417c9d90d362efb2316145cd",
   "format": 1
  },
  {
   "name": "tests/integration/targets/firewalld_info/tasks",
   "ftype": "dir",
   "chksum_type": null,
   "chksum_sha256": null,
   "format": 1
  },
  {
   "name": "tests/integration/targets/firewalld_info/tasks/run_tests_in_stopped.yml",
   "ftype": "file",
   "chksum_type": "sha256",
   "chksum_sha256": "0f8e2eaba80adfdff02c82dbb2aa33366778eb11c8a9829ef9b7d0dcc927fa32",
   "format": 1
  },
  {
   "name": "tests/integration/targets/firewalld_info/tasks/run_tests_in_started.yml",
   "ftype": "file",
   "chksum_type": "sha256",
   "chksum_sha256": "f1b83314f4f21bae84f225e29469fb8f56469a42cf49f0156cd8cca1e40fa444",
   "format": 1
  },
  {
   "name": "tests/integration/targets/firewalld_info/tasks/main.yml",
   "ftype": "file",
   "chksum_type": "sha256",
   "chksum_sha256": "8f693407ec5966f323866537be11ff0fecc9af867817695d6e5a9f260113ce18",
   "format": 1
  },
  {
   "name": "tests/integration/targets/sysctl",
   "ftype": "dir",
   "chksum_type": null,
   "chksum_sha256": null,
   "format": 1
  },
  {
   "name": "tests/integration/targets/sysctl/files",
   "ftype": "dir",
   "chksum_type": null,
   "chksum_sha256": null,
   "format": 1
  },
  {
   "name": "tests/integration/targets/sysctl/files/sysctl.conf",
   "ftype": "file",
   "chksum_type": "sha256",
   "chksum_sha256": "fcf1d20fc22d82574ee1cb8485cef86953af5c834500da6034b2d9d23ad098d9",
   "format": 1
  },
  {
   "name": "tests/integration/targets/sysctl/meta",
   "ftype": "dir",
   "chksum_type": null,
   "chksum_sha256": null,
   "format": 1
  },
  {
   "name": "tests/integration/targets/sysctl/meta/main.yml",
   "ftype": "file",
   "chksum_type": "sha256",
   "chksum_sha256": "dbce11dc51ead2d8cd98e7cd7edda44554a696dc2aa59b16a4f59573c27d2c07",
   "format": 1
  },
  {
   "name": "tests/integration/targets/sysctl/aliases",
   "ftype": "file",
   "chksum_type": "sha256",
   "chksum_sha256": "ced244bb2b0878153d5cb44e507a6294f4bb85e6c1d22441692d46a71c028579",
   "format": 1
  },
  {
   "name": "tests/integration/targets/sysctl/tasks",
   "ftype": "dir",
   "chksum_type": null,
   "chksum_sha256": null,
   "format": 1
  },
  {
   "name": "tests/integration/targets/sysctl/tasks/main.yml",
   "ftype": "file",
   "chksum_type": "sha256",
   "chksum_sha256": "73e8210412ca3bb9c4f7877301a97540afff608df2c3c1a4b6f88a0b1ad01f82",
   "format": 1
  },
  {
   "name": "tests/integration/targets/mount",
   "ftype": "dir",
   "chksum_type": null,
   "chksum_sha256": null,
   "format": 1
  },
  {
   "name": "tests/integration/targets/mount/aliases",
   "ftype": "file",
   "chksum_type": "sha256",
   "chksum_sha256": "cfb2b37954c9b78533383843d7de1832e55731a0d3f04012af0b6493f81ca2ec",
   "format": 1
  },
  {
   "name": "tests/integration/targets/mount/tasks",
   "ftype": "dir",
   "chksum_type": null,
   "chksum_sha256": null,
   "format": 1
  },
  {
   "name": "tests/integration/targets/mount/tasks/main.yml",
   "ftype": "file",
   "chksum_type": "sha256",
   "chksum_sha256": "769b3ab6ae3d46504be480bb9521495b5ab285144d20ac01b19e0d9ac063eef8",
   "format": 1
  },
  {
   "name": "tests/integration/targets/synchronize",
   "ftype": "dir",
   "chksum_type": null,
   "chksum_sha256": null,
   "format": 1
  },
  {
   "name": "tests/integration/targets/synchronize/files",
   "ftype": "dir",
   "chksum_type": null,
   "chksum_sha256": null,
   "format": 1
  },
  {
   "name": "tests/integration/targets/synchronize/files/bar.txt",
   "ftype": "file",
   "chksum_type": "sha256",
   "chksum_sha256": "0b32b9ca26f2bdbd44da2b744e9341d3d201922cd82bd27d0b3a3ce217ede1ee",
   "format": 1
  },
  {
   "name": "tests/integration/targets/synchronize/files/foo.txt",
   "ftype": "file",
   "chksum_type": "sha256",
   "chksum_sha256": "0b32b9ca26f2bdbd44da2b744e9341d3d201922cd82bd27d0b3a3ce217ede1ee",
   "format": 1
  },
  {
   "name": "tests/integration/targets/synchronize/meta",
   "ftype": "dir",
   "chksum_type": null,
   "chksum_sha256": null,
   "format": 1
  },
  {
   "name": "tests/integration/targets/synchronize/meta/main.yml",
   "ftype": "file",
   "chksum_type": "sha256",
   "chksum_sha256": "dbce11dc51ead2d8cd98e7cd7edda44554a696dc2aa59b16a4f59573c27d2c07",
   "format": 1
  },
  {
   "name": "tests/integration/targets/synchronize/aliases",
   "ftype": "file",
   "chksum_type": "sha256",
   "chksum_sha256": "811322fad85866ac31f9501f8da0c7072809065397d53c06712447946b746b6b",
   "format": 1
  },
  {
   "name": "tests/integration/targets/synchronize/tasks",
   "ftype": "dir",
   "chksum_type": null,
   "chksum_sha256": null,
   "format": 1
  },
  {
   "name": "tests/integration/targets/synchronize/tasks/main.yml",
   "ftype": "file",
   "chksum_type": "sha256",
   "chksum_sha256": "27f6e252a8212c6268a10eb1ed1fd3bc72f01b87d1625c995ab49cfa20a15922",
   "format": 1
  },
  {
   "name": "tests/integration/targets/at",
   "ftype": "dir",
   "chksum_type": null,
   "chksum_sha256": null,
   "format": 1
  },
  {
   "name": "tests/integration/targets/at/meta",
   "ftype": "dir",
   "chksum_type": null,
   "chksum_sha256": null,
   "format": 1
  },
  {
   "name": "tests/integration/targets/at/meta/main.yml",
   "ftype": "file",
   "chksum_type": "sha256",
   "chksum_sha256": "dbce11dc51ead2d8cd98e7cd7edda44554a696dc2aa59b16a4f59573c27d2c07",
   "format": 1
  },
  {
   "name": "tests/integration/targets/at/aliases",
   "ftype": "file",
   "chksum_type": "sha256",
   "chksum_sha256": "da1f88d17f2200ac8c91e288df5b343fea1bb4855f4355737c209ea609d19a55",
   "format": 1
  },
  {
   "name": "tests/integration/targets/at/tasks",
   "ftype": "dir",
   "chksum_type": null,
   "chksum_sha256": null,
   "format": 1
  },
  {
   "name": "tests/integration/targets/at/tasks/main.yml",
   "ftype": "file",
   "chksum_type": "sha256",
   "chksum_sha256": "4b21e5a49c4e82e3757834ad9360b2a3d377dd63df215444a39355fded85f8f0",
   "format": 1
  },
  {
   "name": "tests/integration/targets/patch",
   "ftype": "dir",
   "chksum_type": null,
   "chksum_sha256": null,
   "format": 1
  },
  {
   "name": "tests/integration/targets/patch/files",
   "ftype": "dir",
   "chksum_type": null,
   "chksum_sha256": null,
   "format": 1
  },
  {
   "name": "tests/integration/targets/patch/files/result_whitespace.patch",
   "ftype": "file",
   "chksum_type": "sha256",
   "chksum_sha256": "0ddc49f5567541229ef8ce2fcbbd61bfc0672b94f4d0403ada91c6360376fb1b",
   "format": 1
  },
  {
   "name": "tests/integration/targets/patch/files/result.txt",
   "ftype": "file",
   "chksum_type": "sha256",
   "chksum_sha256": "c1bf1c13f1f951ce21a4bc96c52515c188e556f0c66c5bfe08d082a2713aaf08",
   "format": 1
  },
  {
   "name": "tests/integration/targets/patch/files/origin.txt",
   "ftype": "file",
   "chksum_type": "sha256",
   "chksum_sha256": "bf4a426759d477bec6d7967b045192f50cf9c78136dde3460fb9fbd9d240065a",
   "format": 1
  },
  {
   "name": "tests/integration/targets/patch/files/result.patch",
   "ftype": "file",
   "chksum_type": "sha256",
   "chksum_sha256": "cd77151d9cf08ba5be6e1ef168d8872463b124c6d956a601a57d08e2ddd96861",
   "format": 1
  },
  {
   "name": "tests/integration/targets/patch/meta",
   "ftype": "dir",
   "chksum_type": null,
   "chksum_sha256": null,
   "format": 1
  },
  {
   "name": "tests/integration/targets/patch/meta/main.yml",
   "ftype": "file",
   "chksum_type": "sha256",
   "chksum_sha256": "2e3cf960c766f7d382dcaf7114d14bf1f8e12f79bb748d1320c0d305ad1d6fab",
   "format": 1
  },
  {
   "name": "tests/integration/targets/patch/aliases",
   "ftype": "file",
   "chksum_type": "sha256",
   "chksum_sha256": "75ecf1218beeeaf7d3d4a9be2532e50ca596b067532328bcdb57c1305630f7e1",
   "format": 1
  },
  {
   "name": "tests/integration/targets/patch/tasks",
   "ftype": "dir",
   "chksum_type": null,
   "chksum_sha256": null,
   "format": 1
  },
  {
   "name": "tests/integration/targets/patch/tasks/main.yml",
   "ftype": "file",
   "chksum_type": "sha256",
   "chksum_sha256": "7340f74e1a994377e9428e0de5a3a8d3be679f45c891a69c9fdededd8cd4f782",
   "format": 1
  },
  {
   "name": "tests/integration/targets/setup_pkg_mgr",
   "ftype": "dir",
   "chksum_type": null,
   "chksum_sha256": null,
   "format": 1
  },
  {
   "name": "tests/integration/targets/setup_pkg_mgr/tasks",
   "ftype": "dir",
   "chksum_type": null,
   "chksum_sha256": null,
   "format": 1
  },
  {
   "name": "tests/integration/targets/setup_pkg_mgr/tasks/main.yml",
   "ftype": "file",
   "chksum_type": "sha256",
   "chksum_sha256": "4a3ac16c80747874defcb3b8bcd0cf796fb847b440ee5ae240d7b5b71cf32c0e",
   "format": 1
  },
  {
   "name": "tests/.gitignore",
   "ftype": "file",
   "chksum_type": "sha256",
   "chksum_sha256": "b5726d3ec9335a09c124469eca039523847a6b0f08a083efaefd002b83326600",
   "format": 1
  },
  {
   "name": "tests/utils",
   "ftype": "dir",
   "chksum_type": null,
   "chksum_sha256": null,
   "format": 1
  },
  {
   "name": "tests/utils/shippable",
   "ftype": "dir",
   "chksum_type": null,
   "chksum_sha256": null,
   "format": 1
  },
  {
   "name": "tests/utils/shippable/azure.sh",
   "ftype": "file",
   "chksum_type": "sha256",
   "chksum_sha256": "99db6946e47cf9e49ab2fccbe0aca8ffc9aaa0918fdc9e3ef543601c55a98713",
   "format": 1
  },
  {
   "name": "tests/utils/shippable/units.sh",
   "ftype": "file",
   "chksum_type": "sha256",
   "chksum_sha256": "9741924310f7fbbde5eac792b8a34ee33f2ff42aa30ee4d3593410bbb2961bc3",
   "format": 1
  },
  {
   "name": "tests/utils/shippable/shippable.sh",
   "ftype": "file",
   "chksum_type": "sha256",
   "chksum_sha256": "64b3d950781c334c7daa29c085fcf9e054961c069bdebb346e48e71da3e54381",
   "format": 1
  },
  {
   "name": "tests/utils/shippable/cs.sh",
   "ftype": "file",
   "chksum_type": "sha256",
   "chksum_sha256": "99db6946e47cf9e49ab2fccbe0aca8ffc9aaa0918fdc9e3ef543601c55a98713",
   "format": 1
  },
  {
   "name": "tests/utils/shippable/rhel.sh",
   "ftype": "file",
   "chksum_type": "sha256",
   "chksum_sha256": "2a140a1cea2fbf3b291009694bcfcf0f2877e92ec01c7e929e787f5b4cdd6d92",
   "format": 1
  },
  {
   "name": "tests/utils/shippable/aix.sh",
   "ftype": "file",
   "chksum_type": "sha256",
   "chksum_sha256": "2a140a1cea2fbf3b291009694bcfcf0f2877e92ec01c7e929e787f5b4cdd6d92",
   "format": 1
  },
  {
   "name": "tests/utils/shippable/check_matrix.py",
   "ftype": "file",
   "chksum_type": "sha256",
   "chksum_sha256": "3eaf60b35a66f6a9a4aeac9f3af162fc0ac29e0cde61538070fe4a71165fdd17",
   "format": 1
  },
  {
   "name": "tests/utils/shippable/macos.sh",
   "ftype": "file",
   "chksum_type": "sha256",
   "chksum_sha256": "2a140a1cea2fbf3b291009694bcfcf0f2877e92ec01c7e929e787f5b4cdd6d92",
   "format": 1
  },
  {
   "name": "tests/utils/shippable/tower.sh",
   "ftype": "file",
   "chksum_type": "sha256",
   "chksum_sha256": "99db6946e47cf9e49ab2fccbe0aca8ffc9aaa0918fdc9e3ef543601c55a98713",
   "format": 1
  },
  {
   "name": "tests/utils/shippable/cloud.sh",
   "ftype": "file",
   "chksum_type": "sha256",
   "chksum_sha256": "99db6946e47cf9e49ab2fccbe0aca8ffc9aaa0918fdc9e3ef543601c55a98713",
   "format": 1
  },
  {
   "name": "tests/utils/shippable/hcloud.sh",
   "ftype": "file",
   "chksum_type": "sha256",
   "chksum_sha256": "99db6946e47cf9e49ab2fccbe0aca8ffc9aaa0918fdc9e3ef543601c55a98713",
   "format": 1
  },
  {
   "name": "tests/utils/shippable/freebsd.sh",
   "ftype": "file",
   "chksum_type": "sha256",
   "chksum_sha256": "2a140a1cea2fbf3b291009694bcfcf0f2877e92ec01c7e929e787f5b4cdd6d92",
   "format": 1
  },
  {
   "name": "tests/utils/shippable/linux.sh",
   "ftype": "file",
   "chksum_type": "sha256",
   "chksum_sha256": "07aa5e07a0b732a671bf9fdadfe073dd310b81857b897328ce2fa829e2c76315",
   "format": 1
  },
  {
   "name": "tests/utils/shippable/sanity.sh",
   "ftype": "file",
   "chksum_type": "sha256",
   "chksum_sha256": "8480ef74bd44699ac9d28bab9cb2f62f8c25880a51685fc0f4e2dff622939f51",
   "format": 1
  },
  {
   "name": "tests/utils/shippable/aws.sh",
   "ftype": "file",
   "chksum_type": "sha256",
   "chksum_sha256": "99db6946e47cf9e49ab2fccbe0aca8ffc9aaa0918fdc9e3ef543601c55a98713",
   "format": 1
  },
  {
   "name": "tests/utils/shippable/timing.sh",
   "ftype": "file",
   "chksum_type": "sha256",
   "chksum_sha256": "f3f3cc03a997cdba719b0542fe668fc612451841cbe840ab36865f30aa54a1bd",
   "format": 1
  },
  {
   "name": "tests/utils/shippable/timing.py",
   "ftype": "file",
   "chksum_type": "sha256",
   "chksum_sha256": "ebb7d3553349747ad41d80899ed353e13cf32fcbecbb6566cf36e9d2bc33703e",
   "format": 1
  },
  {
   "name": "tests/utils/shippable/osx.sh",
   "ftype": "file",
   "chksum_type": "sha256",
   "chksum_sha256": "2a140a1cea2fbf3b291009694bcfcf0f2877e92ec01c7e929e787f5b4cdd6d92",
   "format": 1
  },
  {
   "name": "tests/utils/shippable/remote.sh",
   "ftype": "file",
   "chksum_type": "sha256",
   "chksum_sha256": "2a140a1cea2fbf3b291009694bcfcf0f2877e92ec01c7e929e787f5b4cdd6d92",
   "format": 1
  },
  {
   "name": "tests/sanity",
   "ftype": "dir",
   "chksum_type": null,
   "chksum_sha256": null,
   "format": 1
  },
  {
   "name": "tests/sanity/ignore-2.9.txt",
   "ftype": "file",
   "chksum_type": "sha256",
   "chksum_sha256": "b008d5b8c90fc2c3490b01fa590be81dc21a483060eb8c8fb00815786650e5d9",
   "format": 1
  },
  {
   "name": "tests/sanity/ignore-2.11.txt",
   "ftype": "file",
   "chksum_type": "sha256",
   "chksum_sha256": "b008d5b8c90fc2c3490b01fa590be81dc21a483060eb8c8fb00815786650e5d9",
   "format": 1
  },
  {
   "name": "tests/sanity/ignore-2.12.txt",
   "ftype": "file",
   "chksum_type": "sha256",
   "chksum_sha256": "b008d5b8c90fc2c3490b01fa590be81dc21a483060eb8c8fb00815786650e5d9",
   "format": 1
  },
  {
   "name": "tests/sanity/ignore-2.10.txt",
   "ftype": "file",
   "chksum_type": "sha256",
   "chksum_sha256": "b008d5b8c90fc2c3490b01fa590be81dc21a483060eb8c8fb00815786650e5d9",
   "format": 1
  },
  {
   "name": "tests/requirements.yml",
   "ftype": "file",
   "chksum_type": "sha256",
   "chksum_sha256": "0876dd39a4fa0d3e5d49a3113c9502ea65b24dac5fd09783c9b43d2ebfe6774f",
   "format": 1
  },
  {
   "name": "shippable.yml",
   "ftype": "file",
   "chksum_type": "sha256",
   "chksum_sha256": "b61f5f44a1e0b0e65f1ca4be970804ac99dd0d2eabdbfb31ca30d7dae3a175cf",
   "format": 1
  },
  {
   "name": "COPYING",
   "ftype": "file",
   "chksum_type": "sha256",
   "chksum_sha256": "0ae0485a5bd37a63e63603596417e4eb0e653334fa6c7f932ca3a0e85d4af227",
   "format": 1
  },
  {
   "name": ".gitignore",
   "ftype": "file",
   "chksum_type": "sha256",
   "chksum_sha256": "5a00777ca107231dc822535458402764507be2cf2efa433ea184bb2163e07027",
   "format": 1
  },
  {
   "name": "meta",
   "ftype": "dir",
   "chksum_type": null,
   "chksum_sha256": null,
   "format": 1
  },
  {
   "name": "meta/runtime.yml",
   "ftype": "file",
   "chksum_type": "sha256",
   "chksum_sha256": "2639689245767a880afb749f99f77ffeed83f03a36901d8581cde2c3293f3be3",
   "format": 1
  },
  {
   "name": ".azure-pipelines",
   "ftype": "dir",
   "chksum_type": null,
   "chksum_sha256": null,
   "format": 1
  },
  {
   "name": ".azure-pipelines/templates",
   "ftype": "dir",
   "chksum_type": null,
   "chksum_sha256": null,
   "format": 1
  },
  {
   "name": ".azure-pipelines/templates/test.yml",
   "ftype": "file",
   "chksum_type": "sha256",
   "chksum_sha256": "2cfa1271f94c71f05ffa0b1f763d8946394b5636e14579cda8ee14bb38bbcf1c",
   "format": 1
  },
  {
   "name": ".azure-pipelines/templates/matrix.yml",
   "ftype": "file",
   "chksum_type": "sha256",
   "chksum_sha256": "4fb0d3ffb2125d5806c7597e4f9d4b2af69cf8c337e9d57803081eddd4a6b081",
   "format": 1
  },
  {
   "name": ".azure-pipelines/templates/coverage.yml",
   "ftype": "file",
   "chksum_type": "sha256",
   "chksum_sha256": "daf1930264760d47b54588f05c6339fd69ca2d239c77c44bc4cee3c4e9f76447",
   "format": 1
  },
  {
   "name": ".azure-pipelines/scripts",
   "ftype": "dir",
   "chksum_type": null,
   "chksum_sha256": null,
   "format": 1
  },
  {
   "name": ".azure-pipelines/scripts/combine-coverage.py",
   "ftype": "file",
   "chksum_type": "sha256",
   "chksum_sha256": "e34d4e863a65b9f53c4ca8ae37655858969898a949e050e9cb3cb0d5f02342d0",
   "format": 1
  },
  {
   "name": ".azure-pipelines/scripts/publish-codecov.sh",
   "ftype": "file",
   "chksum_type": "sha256",
   "chksum_sha256": "70c795c8dbca2534b7909b17911630b7afaa693bbd7154e63a51340bc8b28dad",
   "format": 1
  },
  {
   "name": ".azure-pipelines/scripts/aggregate-coverage.sh",
   "ftype": "file",
   "chksum_type": "sha256",
   "chksum_sha256": "820353ffde6fd3ad655118772547549d84ccf0a7ba951e8fb1325f912ef640a0",
   "format": 1
  },
  {
   "name": ".azure-pipelines/scripts/run-tests.sh",
   "ftype": "file",
   "chksum_type": "sha256",
   "chksum_sha256": "cb08a3ec5715b00d476ae6d63ca22e11a9ad8887239439937d2a7ea342e5a623",
   "format": 1
  },
  {
   "name": ".azure-pipelines/scripts/process-results.sh",
   "ftype": "file",
   "chksum_type": "sha256",
   "chksum_sha256": "c03d7273fe58882a439b6723e92ab89f1e127772b5ce35aa67c546dd62659741",
   "format": 1
  },
  {
   "name": ".azure-pipelines/scripts/time-command.py",
   "ftype": "file",
   "chksum_type": "sha256",
   "chksum_sha256": "0232f415efeb583ddff907c058986963b775441eaf129d7162aee0acb0d36834",
   "format": 1
  },
  {
   "name": ".azure-pipelines/scripts/report-coverage.sh",
   "ftype": "file",
   "chksum_type": "sha256",
   "chksum_sha256": "f6a373322759ccc2736fb25d25d8c402dfe16b5d9a57cfccb1ca8cb136e09663",
   "format": 1
  },
  {
   "name": ".azure-pipelines/README.md",
   "ftype": "file",
   "chksum_type": "sha256",
   "chksum_sha256": "61f20decd3c8fb34ac2cc6ff79f598fc5136e642130a7ba065ccc5aa37960cd2",
   "format": 1
  },
  {
   "name": ".azure-pipelines/azure-pipelines.yml",
   "ftype": "file",
   "chksum_type": "sha256",
   "chksum_sha256": "f095ca3a3138cb66f2cbb566a976b023e5889b342c4c8abd8c7eb39791f411e9",
   "format": 1
  },
  {
   "name": "test-requirements.txt",
   "ftype": "file",
   "chksum_type": "sha256",
   "chksum_sha256": "f2d896f892cafcbf0b9abb0739c94ec8c4e292b56525a9a9aef688bf5b02c096",
   "format": 1
  },
  {
   "name": "hacking",
   "ftype": "dir",
   "chksum_type": null,
   "chksum_sha256": null,
   "format": 1
  },
  {
   "name": "hacking/cgroup_perf_recap_graph.py",
   "ftype": "file",
   "chksum_type": "sha256",
   "chksum_sha256": "c5290f21b352cb16c252c9eab57520434a63ffd94fa838f29c77bec6b0abcce1",
   "format": 1
  },
  {
   "name": "docs",
   "ftype": "dir",
   "chksum_type": null,
   "chksum_sha256": null,
   "format": 1
  },
  {
   "name": "docs/ansible.posix.firewalld_module.rst",
   "ftype": "file",
   "chksum_type": "sha256",
   "chksum_sha256": "0277ed9f58c820b7ff56268d2aef277e70004c651977dc9d19ac70173529a9b1",
   "format": 1
  },
  {
   "name": "docs/ansible.posix.authorized_key_module.rst",
   "ftype": "file",
   "chksum_type": "sha256",
   "chksum_sha256": "8bb90bb032d9ab6fc17d3631fed96427846a38e3ea184b7b44a2c39c7a759e78",
   "format": 1
  },
  {
   "name": "docs/ansible.posix.patch_module.rst",
   "ftype": "file",
   "chksum_type": "sha256",
   "chksum_sha256": "a966ad7525740959bb86a928314fc8cd9ad0ecd9af70b3585c7edb23e609f9c6",
   "format": 1
  },
  {
   "name": "docs/ansible.posix.firewalld_info_module.rst",
   "ftype": "file",
   "chksum_type": "sha256",
   "chksum_sha256": "d4957588978daecfd30f3aa7a9debd4321a1337a6992e0dc2cefd3ac8db37513",
   "format": 1
  },
  {
   "name": "docs/ansible.posix.mount_module.rst",
   "ftype": "file",
   "chksum_type": "sha256",
   "chksum_sha256": "2ed0705b37c51ca0ef8bea58e568e62ed48b5b3d74be4f95cb38e2cdb8fba033",
   "format": 1
  },
  {
   "name": "docs/ansible.posix.acl_module.rst",
   "ftype": "file",
   "chksum_type": "sha256",
   "chksum_sha256": "3eed8a709c679e99c300c76ff7ccea52b098e0a98613554b6bfe9a05ed316a06",
   "format": 1
  },
  {
   "name": "docs/ansible.posix.seboolean_module.rst",
   "ftype": "file",
   "chksum_type": "sha256",
   "chksum_sha256": "eb4ba2b010ee111eb5276f047724350302094844f96ec9bffe70bd68abb66ffa",
   "format": 1
  },
  {
   "name": "docs/ansible.posix.selinux_module.rst",
   "ftype": "file",
   "chksum_type": "sha256",
   "chksum_sha256": "31d8cc5951462cc391f7b2949392428e7c1ebee17954543e2e52e07fed74b594",
   "format": 1
  },
  {
   "name": "docs/ansible.posix.synchronize_module.rst",
   "ftype": "file",
   "chksum_type": "sha256",
   "chksum_sha256": "9b13a26aaf8901622a430630430cd76ebb571b5e7dffe52ba3e585490eda1cfb",
   "format": 1
  },
  {
   "name": "docs/ansible.posix.sysctl_module.rst",
   "ftype": "file",
   "chksum_type": "sha256",
   "chksum_sha256": "cfcf8b03ddfc35e0582068877a668d66139b0caa6ab06e3916936f8a48cb3b59",
   "format": 1
  },
  {
   "name": "docs/ansible.posix.at_module.rst",
   "ftype": "file",
   "chksum_type": "sha256",
   "chksum_sha256": "93e557ff3a2523170eea655420f590fe357fa1eb7a6222d8ec5e6188ef20a927",
   "format": 1
  },
  {
   "name": "plugins",
   "ftype": "dir",
   "chksum_type": null,
   "chksum_sha256": null,
   "format": 1
  },
  {
   "name": "plugins/action",
   "ftype": "dir",
   "chksum_type": null,
   "chksum_sha256": null,
   "format": 1
  },
  {
   "name": "plugins/action/__init__.py",
   "ftype": "file",
   "chksum_type": "sha256",
   "chksum_sha256": "e3b0c44298fc1c149afbf4c8996fb92427ae41e4649b934ca495991b7852b855",
   "format": 1
  },
  {
   "name": "plugins/action/synchronize.py",
   "ftype": "file",
   "chksum_type": "sha256",
   "chksum_sha256": "609b81bd7b40f3fcb041168db0e95374727fae9ba16b49d494902409c710c4ac",
   "format": 1
  },
  {
   "name": "plugins/action/patch.py",
   "ftype": "file",
   "chksum_type": "sha256",
   "chksum_sha256": "0c54bace60f8ebd672d01c4dbc40b20bf8516375b68dcf1ccee5193cb426641f",
   "format": 1
  },
  {
   "name": "plugins/module_utils",
   "ftype": "dir",
   "chksum_type": null,
   "chksum_sha256": null,
   "format": 1
  },
  {
   "name": "plugins/module_utils/__init__.py",
   "ftype": "file",
   "chksum_type": "sha256",
   "chksum_sha256": "e3b0c44298fc1c149afbf4c8996fb92427ae41e4649b934ca495991b7852b855",
   "format": 1
  },
  {
   "name": "plugins/module_utils/firewalld.py",
   "ftype": "file",
   "chksum_type": "sha256",
   "chksum_sha256": "6213fc562cad4b8f9ffb27b17eda33970f313aeb9a8d990ae6c681d7d2bfe4af",
   "format": 1
  },
  {
   "name": "plugins/module_utils/mount.py",
   "ftype": "file",
   "chksum_type": "sha256",
   "chksum_sha256": "2b2c4aa71c6eb0b0cc2d07eeff663540a22c03b60416ede06c64da97ce8058c7",
   "format": 1
  },
  {
   "name": "plugins/shell",
   "ftype": "dir",
   "chksum_type": null,
   "chksum_sha256": null,
   "format": 1
  },
  {
   "name": "plugins/shell/__init__.py",
   "ftype": "file",
   "chksum_type": "sha256",
   "chksum_sha256": "e3b0c44298fc1c149afbf4c8996fb92427ae41e4649b934ca495991b7852b855",
   "format": 1
  },
  {
   "name": "plugins/shell/fish.py",
   "ftype": "file",
   "chksum_type": "sha256",
   "chksum_sha256": "72535a33365bf04bbe837413c8fdb181271350416706e1746aa00d54ba260f7a",
   "format": 1
  },
  {
   "name": "plugins/shell/csh.py",
   "ftype": "file",
   "chksum_type": "sha256",
   "chksum_sha256": "2f5668d367696d466ea8fdcec39477c7f0f9c8fd91884f8ff52b42245775750e",
   "format": 1
  },
  {
   "name": "plugins/modules",
   "ftype": "dir",
   "chksum_type": null,
   "chksum_sha256": null,
   "format": 1
  },
  {
   "name": "plugins/modules/__init__.py",
   "ftype": "file",
   "chksum_type": "sha256",
   "chksum_sha256": "e3b0c44298fc1c149afbf4c8996fb92427ae41e4649b934ca495991b7852b855",
   "format": 1
  },
  {
   "name": "plugins/modules/selinux.py",
   "ftype": "file",
   "chksum_type": "sha256",
   "chksum_sha256": "8746c68ae9578de1ac3e99314b3fc27a58254476079352c24a95cf31a22615cc",
   "format": 1
  },
  {
   "name": "plugins/modules/synchronize.py",
   "ftype": "file",
   "chksum_type": "sha256",
   "chksum_sha256": "730a26359b0778fe7a381b5bb5cdef49464a55cb7a9b4e15797238866426dfe8",
   "format": 1
  },
  {
   "name": "plugins/modules/firewalld_info.py",
   "ftype": "file",
   "chksum_type": "sha256",
   "chksum_sha256": "ce79761d8f7ce384608a42975cd0074b400170d93aaba446b7d1121b32a8711d",
   "format": 1
  },
  {
   "name": "plugins/modules/patch.py",
   "ftype": "file",
   "chksum_type": "sha256",
   "chksum_sha256": "9bde67d9b5bd4f7e7a445094806d426e2ea777bbe4f21ef981b1f0cc27918648",
   "format": 1
  },
  {
   "name": "plugins/modules/sysctl.py",
   "ftype": "file",
   "chksum_type": "sha256",
   "chksum_sha256": "b189c0725b45bc1f9e19bf781891f3957f1ded30cf3f0e09d5e625de7bd25e4e",
   "format": 1
  },
  {
   "name": "plugins/modules/acl.py",
   "ftype": "file",
   "chksum_type": "sha256",
   "chksum_sha256": "357cd17d64e62d71c4aa8492a234f626935a29ba986dfcb9b4682e7ef4d85dd2",
   "format": 1
  },
  {
   "name": "plugins/modules/authorized_key.py",
   "ftype": "file",
   "chksum_type": "sha256",
   "chksum_sha256": "bf9bf52cf31a512924e4668e884618d0233d7304b68ebc46a8bf7941ece93cde",
   "format": 1
  },
  {
   "name": "plugins/modules/seboolean.py",
   "ftype": "file",
   "chksum_type": "sha256",
   "chksum_sha256": "73912707bbe518d03d0ec10c294de2e174be17a5935906bb19465c1fbc3fb94b",
   "format": 1
  },
  {
   "name": "plugins/modules/firewalld.py",
   "ftype": "file",
   "chksum_type": "sha256",
   "chksum_sha256": "b8b104b1129902a0b2e9dc1ea7b9ede209fd6a9ab0af0ad65863bf8a2b9f765d",
   "format": 1
  },
  {
   "name": "plugins/modules/at.py",
   "ftype": "file",
   "chksum_type": "sha256",
   "chksum_sha256": "5be41d0e6db9570debecb5106c7dffbc1769cd94b42b4a98e4704e5b1fb1a4e3",
   "format": 1
  },
  {
   "name": "plugins/modules/mount.py",
   "ftype": "file",
   "chksum_type": "sha256",
   "chksum_sha256": "aec0c979f656ad5685da9b6255e32599e82cc30e1fb505830dbd3664f4f2bc06",
   "format": 1
  },
  {
   "name": "plugins/callback",
   "ftype": "dir",
   "chksum_type": null,
   "chksum_sha256": null,
   "format": 1
  },
  {
   "name": "plugins/callback/timer.py",
   "ftype": "file",
   "chksum_type": "sha256",
   "chksum_sha256": "813aa6ed771af22311649aaed75bee6744423cfb012d187575071a64fa028fae",
   "format": 1
  },
  {
   "name": "plugins/callback/__init__.py",
   "ftype": "file",
   "chksum_type": "sha256",
   "chksum_sha256": "e3b0c44298fc1c149afbf4c8996fb92427ae41e4649b934ca495991b7852b855",
   "format": 1
  },
  {
   "name": "plugins/callback/profile_roles.py",
   "ftype": "file",
   "chksum_type": "sha256",
   "chksum_sha256": "de96d7a1cf0eb6c74469648b74ad15fabf2c849c58822ecf83069516aafe4f4a",
   "format": 1
  },
  {
   "name": "plugins/callback/profile_tasks.py",
   "ftype": "file",
   "chksum_type": "sha256",
   "chksum_sha256": "3658d79c369c4d04ad0fac24ec10ce776010bd9099ed92ed4a7d2d21127dcf45",
   "format": 1
  },
  {
   "name": "plugins/callback/debug.py",
   "ftype": "file",
   "chksum_type": "sha256",
   "chksum_sha256": "5935f727b1b783d81f5ea9b7ad106d51f0d85b3a1955aa41628b1d869e96e07e",
   "format": 1
  },
  {
   "name": "plugins/callback/json.py",
   "ftype": "file",
   "chksum_type": "sha256",
   "chksum_sha256": "26c855087f7c68b978b2ebe5d3a5e986546cc4c372451e97054b2ec04befa879",
   "format": 1
  },
  {
   "name": "plugins/callback/cgroup_perf_recap.py",
   "ftype": "file",
   "chksum_type": "sha256",
   "chksum_sha256": "a7fe7b5fd725856e53046398a5ba29d27347f2a9e9d7c26b1596756c4fd811df",
   "format": 1
  },
  {
   "name": "plugins/callback/skippy.py",
   "ftype": "file",
   "chksum_type": "sha256",
   "chksum_sha256": "36da35a5f410093f4bf1f1cbf57545f05667f06b2db61064c8db2e14e5d59098",
   "format": 1
  },
  {
   "name": "README.md",
   "ftype": "file",
   "chksum_type": "sha256",
   "chksum_sha256": "65dcc444dfe72ef1b5b4f80b5d2f74c94def1066a2f23f404a2967de367fcd95",
   "format": 1
  },
  {
   "name": ".github",
   "ftype": "dir",
   "chksum_type": null,
   "chksum_sha256": null,
   "format": 1
  },
  {
   "name": ".github/BOTMETA.yml",
   "ftype": "file",
   "chksum_type": "sha256",
   "chksum_sha256": "7ee518aff119ccbf58ec523c9f89315300b203f83b7df598404fa86f807c7329",
   "format": 1
  }
 ],
 "format": 1
}